username;first_name;last_name;email;password
tiago;tiago;gomes;tiago.gomes@teste.com;tiago123
tabta;tabta;do vale;tabta.vale@teste.com;tabta123
braian;braian;do vale;braian.vale@teste.com;braian123
thales;thales;do vale;thales.vale@teste.com;thales123
noah;noah;do vale;noah.vale@teste.com;noah123
